dose.mg,number.tested,number.killed,mortality.rate
49.06,49,6,0.122449
52.99,60,13,0.2166667
56.91,62,18,0.2903226
60.84,56,28,0.5
64.76,63,52,0.8253968
68.69,59,53,0.8983051
72.61,62,61,0.983871
76.54,60,60,1
